Round Number,Race Name,Race Date
Round 1,Australian Grand Prix,03/08/2026
Round 2,Chinese Grand Prix,03/15/2026
Round 3,Japanese Grand Prix,03/29/2026
Round 4,Bahrain Grand Prix,04/12/2026
Round 5,Saudi Arabian Grand Prix,04/19/2026
Round 6,Miami Grand Prix,05/03/2026
Round 7,Canadian Grand Prix,05/24/2026
Round 8,Monoco Grand Prix,06/07/2026
Round 9,Barcelona-Catalunya Grand Prix,06/14/2026
Round 10,Austrian Grand Prix,06/28/2026
Round 11,British Grand Prix,07/05/2026
Round 12,Belgian Grand Prix,07/19/2026
Round 13,Hungarian Grand Prix,07/26/2026
Round 14,Dutch Grand Prix,08/23/2026
Round 15,Italian Grand Prix,09/06/2026
Round 16,Spanish Grand Prix,09/13/2026
Round 17,Azerbaijan Grand Prix,09/26/2026
Round 18,Singapore Grand Prix,10/11/2026
Round 19,United States Grand Prix,10/25/2026
Round 20,Mexican Grand Prix,11/01/2026
Round 21,Brazillian Grand Prix,11/08/2026
Round 22,Las Vegas Grand Prix,11/21/2026
Round 23,Qatar Grand Prix,11/29/2026
Round 24,Abu Dhabi Grand Prix,12/06/2026
